nombre;slug;categoria;codigo;ancho;largo;alto;peso;consumo;alimentacion;conformidad;orden;destacada;estado;glb_url;descripcion
F1;f1;Simuladores y arcade;;365;155;90;;;;;10;;publicada;;
Typhoon;typhoon;Simuladores y arcade;;145;231;201;;;;;20;;publicada;;
Grúa peluches;grua-peluches;Grúas y premios;;90;106;200;;;;;30;;publicada;;
Block Car;block-car;Kiddie rides;;198;100;110;;;;;40;sí;publicada;;
Mesa de aire Batman;mesa-aire-batman;Habilidad y deporte;;156;116;71;;;;;50;;publicada;;
Peppa Basket;peppa-basket;Habilidad y deporte;;190;120;260;;;;;60;;publicada;;
Football Bus;football-bus;Kiddie rides;;186;97;125;;;;;70;;publicada;;
Firetruck;firetruck;Kiddie rides;;162;103;107;;;;;80;;publicada;;
Carrousel Jungle Around;carrousel-jungle-around;Carruseles;;125;125;232;;;;;90;;publicada;;
U Hammer;u-hammer;Habilidad y deporte;;112;112;152;;;;;100;;publicada;;
Carrusel de PJ Masks;carrusel-pj-masks;Carruseles;;140;140;178;;;;;110;;publicada;;
Peppa Hammer;peppa-hammer;Habilidad y deporte;;77;72,5;155,5;;;;;120;;publicada;;
Ball Pop Wall;ball-pop-wall;Habilidad y deporte;;118;52;176;;;;;130;;publicada;;
Grúa Duck Planet;grua-duck-planet;Grúas y premios;;60;60;225;;;;;140;;publicada;;
Peppa Helicóptero;peppa-helicoptero;Kiddie rides;;156;123;170;;;;;150;;publicada;;
PJ Quad;pj-quad;Kiddie rides;;172;100;123;;;;;160;;publicada;;
Lollipop;lollipop;Grúas y premios;;73;75;152;;;;;170;;publicada;;
Hello Kitty;hello-kitty;Kiddie rides;;62;43;112;;;;;180;;publicada;;
Roadster;roadster;Kiddie rides;;170;76;95;;;;;190;;publicada;;
Music Hit;music-hit;Habilidad y deporte;;48;71;102;;;;;200;;publicada;;
Peppa Pig Happy Farm;peppa-pig-happy-farm;Kiddie rides;;135;80;110;;;;;210;;publicada;;
Captain Sub con monitor;captain-sub;Kiddie rides;;136;64;178;;;;;220;;publicada;;
Arcade Legends of Spark;legends-of-spark;Simuladores y arcade;;208;185;221;;;;;230;;publicada;;
Go Go Pony;go-go-pony;Kiddie rides;;139;64;165;;;;;240;;publicada;;
Fórmula 1 Italresina;formula-1-italresina;Kiddie rides;;130;95;130;;;;;250;;publicada;;
Cat Car;cat-car;Kiddie rides;;152;82;86;;;;;260;;publicada;;
Cat Car con monitor;cat-car-monitor;Kiddie rides;;153;82;86;;;;;270;;publicada;;
Duck Shop amarilla;duck-shop-amarilla;Grúas y premios;;59;55;190;;;;;280;;publicada;;
Magic Fun Ball;magic-fun-ball;Grúas y premios;;59;55;186;;;;;290;;publicada;;
Tom & Jerry Cogan;tom-jerry-cogan;Kiddie rides;;70;120;127;;;;;300;;publicada;;
Doble Ride Cars Cogan;doble-ride-cars-cogan;Kiddie rides;;110;168;190;;;;;310;;publicada;;
Excavadora Diggy;diggy;Kiddie rides;;141;72,5;156;134;0,3 kW;220/240 V 50 Hz;CE;320;sí;publicada;;"Presentamos Diggy, nuestra atracción infantil inspirada en el mundo de la construcción y la exploración.

Diggy son dos juegos en uno:
• Tiene el clásico movimiento del infantil
• Además dispensa cápsulas con premios

Presenta un diseño llamativo, colores brillantes y efectos LED interactivos, por lo que capta la atención de los más pequeños, convirtiendo cada viaje en una aventura inolvidable."
Shining Cube;shining-cube;Habilidad y deporte;;120;157;99;;;;;330;;publicada;;
Peppa Camper;peppa-camper;Kiddie rides;;110;160;160;;;;;340;;publicada;;
Peppa Bus Kiddie Ride;peppa-bus;Kiddie rides;;180;92;140;;;;;350;sí;publicada;;
Rayo McQueen;rayo-mcqueen;Kiddie rides;;180;80;80;;;;;360;;publicada;;
Papá Noel (Baboo Natale);papa-noel;Kiddie rides;KQ041;140;85;125;;;;;370;;publicada;;
Bluey Family Car Kiddie Ride;bluey-family-car;Kiddie rides;;197;109;160;;;;;380;sí;publicada;;
Carrusel Nostálgica Classic;carrusel-nostalgica-classic;Carruseles;;154;154;275;;;;;390;;publicada;;
Football Champ;football-champ;Habilidad y deporte;;307;160;262;;;;;400;;publicada;;
Batman vs Joker;batman-vs-joker;Kiddie rides;;200;83;186;;;;;410;;publicada;;
Grúa de tren;grua-de-tren;Kiddie rides;KQ546;160;88;150;130;;230 V – 110 V;;420;;publicada;;¡El trenecito que transporta una grúa! Un tren cargado de bolas de colores que se elevan con la clásica grúa…
